title,author,publisher,category
Leadershift,John C. Maxwell,Harper Collins,LEADERSHIP
Word power made easy ,Norman Lewis ,Goyal Saab ,litrature 
How to enjoy your life and your job ,Dale carnegie ,pocket books ,psychology
The Art of Thinking ,Allllen F. Harrison and Robbert M. Bramson ,Doupleday and company,psychology
The Power of your subconscious Mind ,Joseph Murphy ,penguin Books ,psychology
Freak Onomics ,Steven D. levitt and stephn J ,penguin Books ,novel
Forrest heritage portrai of a girl ,Marry williams ,PAN Books ,Novel 
King arthur and his knights ,childrens Clasic ,Bloomsbury books ,Novel
The Koran ,penguin Books ,penguin Classic ,Religious 
Choies ,Jenny Cooke ,Kings way Publication ,psychology
The Famous five ,Bob Harvay ,Knight Books ,Novel 
The Master plane of discipleship,Robert E Coleman,espire Edition Publishesed ,psychology
Web Guide to Afghanistan ,Uzma saleem ,church world Service Pakistan/Afghanistan ,economic 
THE Alchemist ,Paulo Coelho ,Harper Collins,novel 
Moonraker ,lan fleming ,Oxford University Prees ,novel
Bad Behaviour ,Sheila flanagan,Headline Review,novel 
The Guns of the South ,Harry turtledove,A del Rey book,novel
Robin cook seizure,Robin cook seizure,penguine group,novel
The afghan ,Frederick forsyth,corgi books,novel
Amazing greace,Danielle steel,Dell fection,novel
Snow,Orhan pamuk,Faber and faber,novel
The lord of the rings ,JRR Tolkien,Harper Collins,novel
Word power made easy ,Norman Lewis ,Goyal Saab ,litrature 
The moving finger,agathachritie,Fontona collins,psychology
End of the beginning,Harry turtledove,a rock book,novel
Tom Sawyer ,Mark twain ,peter Haddock ,Novel
A dark history:The roman emperors ,JULIUS CAESAR TO THE FALL OF ROME ,Metro Books ,Novel 
Miss Hickory,Bailey viking ,The VIKING PRESS ,Novel 
TWILIGHT IN THE DESERT ,Simmons ,WILLY ,Novel 
Chasing Molecules ,GROSMAN ,ISLAND PRESS,NOVEL 
STUFF PARISIANS LIKE ,Oliver Magny ,BERKLEY BOOKS,litrature 
Worldly Philosopher ,Jeremy Adelman ,Princeton ,Philosophy 
THE SNOW BALL Warren Buffett and the business of life ,Alice Schroeder ,Bloomsbury books ,psychology
The inner circle ,Gary Crew ,hachette ,Novel 
Sword and sealpeal ,Lorry Lutz,Promise Publishing Co ,Geography 
The richest man in Babylon ,George S. Clason ,NA ,psychology
Rich Dad Poor Dad ,Robert T. Kiyosaki,Plata Publishing ,psychology
MY UTMOST FOR HIS Highest,OSWALD CHAMBERS ,BARBOUR ,psychology
Love Medicien and Miracles ,Bernie S. SIEGEL ,PERENNIAL LIBRARY ,Novel 
By Secret railway ,Meadowcroft,Thomas Y. Crowell Company ,Novel 
The map of time ,felex J. Palma ,ARTIA Paperback ,Novel
The Cancer Book ,Jack Canfield ,Westland ,Novel 
Shadow of a Bull ,Atheneum ,McClelland and strewart,Novel 
A house Without Windows ,Nadia Hashimi ,Willam Morrow ,Novel 
Women Images and Realities ,Amy Kesselman ,Mayfield ,Novel 
The Man Who Changed China ,Buck,Random House ,Novel 
The Envoy ,Zalmay Khalilzad ,Congrees Publication ,Novel 
Time to Wonder ,Bernard J. Weiss ,Holt Basic Reading system ,Novel 
The Far Side of the war ,Patrick o Brian,Norton,Novel
Kidnapped ,Robert Louise Stevenson,Baronet Books ,Novel 
Unlimited Power ,Anthony Robbins ,Simon and Schuster ,psychology
Good Muslims Bad Muslims ,Mahmood Mamdani,Permenent ,Religious 
Write That Litter ,Lain Maitland ,Kogan Page ,Novel
The Economic Geography Of the World ,Maksakovsky ,Progrees Publishers ,economic 
Business Administration and Management ,A.K.Phophalia ,Kanishka Publishers ,economic 
Frozen Fire ,James Houston,Mc Grow Hill School,Novel
Peter Pan ,Sir James M. Barrie ,Children Classic ,Novel
Thieves Of Baghdad ,Mattew Bogdanos ,Bloomsbury books ,Novel
The Challenges to the south ,Commission ,Oxford University Prees ,Politicl Sciense 
Language Learners Field Guide ,Alan Healey ,Summer Institute ,Education 
Snow,Orhan pamuk,Vintage ,Novel 
Fright Time ,Mark Valadez,Baronet Books ,psychology
MR. JONES MEET THE Master ,Petter Marshall,Fleming H. Reve company ,Novel 
This house of Clay and Water ,Faiqa Mansab ,penguin Books ,Novel 
The Pere Lachaise Mystery,Claude Izner,Gallic,Novel
The Architects Apprentice ,Elif Shafak,penguin Books ,Novel
The Plague ,Albert Camus,Vintage ,Novel
The Plague ,Albert Camus,Vintage ,Novel
Samarkand ,Amin Maalouf ,Abacus,Novel
Mancy Drew Making Waves ,Carolyn Keene,Archway Paperback,Novel
Basic Writings Eistentialism,Gordon Marino,The Modern Library ,Philosophy 
The Speed OF Trust ,Stepohen M.R. Covey ,Free Press ,psychology
Uglies ,Scott Westerfeld ,Scholastic,Novel
The Message of Ephesians ,John R.W. Stott,Inter Vrsity Press ,Novel
Poem Into Poem ,Alan Maley And Sandra Moulding ,Cambridge University Press ,litrature 
The Classh Of Civilizations and The Remarking Of World Order ,Samuel P. Huntington,penguin Books ,Politicl Sciense 
And the Mountains Echoed ,Khalid Hosseini,Bloomsbury books ,Novel
And the Mountains Echoed ,Khalid Hosseini,Bloomsbury books ,Novel
Before We Were Yours ,Lisa Wingate,Ballantine Books ,Novel 
Discover the Dimond in You ,Arindam Chaudhuri,Vikas,Novel 
On the Meaning of life ,Will Durant ,Promethean,Novel
Skinn Deep ,Nora Roberts ,Silhouette,Novel 
The swventeenth Swap,Eloise Mc Graw ,Sonlight Curriculum,Novel
Once Upon A Marigold ,Jean Ferris ,Scholastic,Novel 
The Little Old Lady Who Struck Lucky Again,Catharina Ingelman,PAN Books ,Novel
The Complete Short Novels ,Anton Chekhov,Vintage ,Novel 
Charlie Bone and The Castle of Mirrors ,Jenny Nimmo,Scholastic,Novel
Salt House ,Hala Alyan,Windmill,Novel
Ella Enchanted ,Levine ,A Newbery Honor Book,Novel
The Measly Middle Ages ,Terry Deary ,Hippo ,Novel
The Winner Stands Alone ,Paulo Coelho ,Harper Collins,Novel
Detectives Intogas,Henry Winterfeld,Harcourt Brace ,Novel
My name is Red ,Orhan pamuk,Faber and faber,Novel
A Gift of Wings ,Richard Bach ,PAN Books ,Novel 
The River Of Life ,NA,Intenational Bible Society ,Novel
Ballotelli ,Luca Caioli,Icon Books LTD,Novel
The New Dragon Book Of verse,Mishael Harrison ,Oxford University Prees ,Novel
Eragon ,Christopher Paolini,KNOPF,Novel
THE GEEK Manifesto ,Mark Henderson ,corgi books,Novel
Zombie Butts From Uranus ,Andy Griffiths ,Scholastic,Novel
Miracles On Maple hill,Virginia sorensen,Harcourt Brace ,Novel
Time Power ,Brain Tracy ,Amacom,psychology
At Home In the World ,Thich Nhat Hanh ,Kidder Books ,Novel
Women in a World at War ,Gagnon ,Taloon Books ,Novel
Becoming ,Michelle Obama,Crown ,psychology
THE Alchemist ,Paulo Coelho ,Harper Collins,Novel
THE Alchemist ,Paulo Coelho ,Harper Collins,Novel
THE Alchemist ,Paulo Coelho ,Harper Collins,Novel
Men In Love ,Nancy Friday ,Arow Books,Novel
Michael Next Crichton ,Michael Next Crichton ,Harper Collins,Novel
Birds Without Wings ,Louis de Bernieres ,Vintage ,Novel
Rich Dad Poor Dad ,Robert T. Kiyosaki,Plata Publishing ,psychology
Mansfield Park ,Jane Austen,Trand Atlantic Press ,Novel
Growing Into Wholeness ,Marison Ashton ,Kings way Publication ,Novel
Plague ,"Gary Birken, M. D",BERKLEY BOOKS,Novel
Angels and Demons ,Dan Brown ,Pocket Star Books ,Novel 
The Zahir ,Paulo Coelho ,Harper Collins,Novel
The Witch Of Portobello,Paulo Coelho ,Harper Collins,Novel
OP Centre ,Tom Clancys ,Harper Collins,Novel
The First Deadly Sin ,Lawrence Sanders ,BERKLEY BOOKS,Novel 
The Notebook,Nicholas Sparks ,Vision,Novel
Cone with the Wind ,Alexandera Ripley,PAN Books ,Novel
The Buddhas Of Bamiyan ,LLEWELYN Morgan ,Harvard University Press ,History 
The Davince Code ,Dan Brown ,Anchor Books ,Novel
Wilderness,David Thompson ,Leisure Western ,Novel
Never Give up ,Jack MA ,An Agate Imprint ,psychology
Born Confused ,Tanuja Desai Hidier,Scholastic,Novel
2 state The Story My Marriege ,Chetan Bhagat ,Rupa ,Novel 
Teaching Kindergartners,Ruth Beechick ,Accent Books ,Education 
The Story Of Mc Donalds ,Sara Gilbert,Jaico Publication ,Novel